{"cameraMode":{"drawMode":0,"name":"Shaded","section":"Shading Mode"},"sceneLighting":false,"audioPlay":false,"sceneViewState":{"showFog":true,"showMaterialUpdate":false,"showSkybox":true,"showFlares":true,"showImageEffects":true,"showParticleSystems":true},"in2DMode":false,"pivot":{"x":-1.5379483699798585,"y":-16.03903579711914,"z":-0.5206949710845947},"rotation":{"x":0.33290496468544009,"y":0.0508858859539032,"z":-0.017994379624724389,"w":0.9414145350456238},"size":99.19603729248047,"orthographic":true}