{"cameraMode":{"drawMode":0,"name":"Shaded","section":"Shading Mode"},"sceneLighting":false,"audioPlay":false,"sceneViewState":{"showFog":true,"showMaterialUpdate":false,"showSkybox":false,"showFlares":true,"showImageEffects":true,"showParticleSystems":true},"in2DMode":false,"pivot":{"x":0.8770151138305664,"y":-0.1600727140903473,"z":-4.553023338317871},"rotation":{"x":0.09862621128559113,"y":0.7024555206298828,"z":-0.09927787631750107,"w":0.6978492140769959},"size":0.40101391077041628,"orthographic":true}