{"cameraMode":{"drawMode":0,"name":"Shaded","section":"Shading Mode"},"sceneLighting":false,"audioPlay":false,"sceneViewState":{"showFog":true,"showMaterialUpdate":false,"showSkybox":true,"showFlares":true,"showImageEffects":true,"showParticleSystems":true},"in2DMode":false,"pivot":{"x":-4.087265968322754,"y":-0.014791011810302735,"z":8.655920028686524},"rotation":{"x":-0.009382582269608975,"y":0.7580240964889526,"z":-0.652068018913269,"w":-0.010907676070928574},"size":23.925514221191408,"orthographic":true}