{"cameraMode":{"drawMode":0,"name":"Shaded","section":"Shading Mode"},"sceneLighting":false,"audioPlay":false,"sceneViewState":{"showFog":true,"showMaterialUpdate":false,"showSkybox":false,"showFlares":true,"showImageEffects":true,"showParticleSystems":true},"in2DMode":false,"pivot":{"x":-13.015999794006348,"y":-0.24384915828704835,"z":14.402999877929688},"rotation":{"x":0.24728064239025117,"y":0.557375431060791,"z":-0.1784839779138565,"w":0.7722358107566834},"size":7.922242641448975,"orthographic":true}