{"cameraMode":{"drawMode":0,"name":"Shaded","section":"Shading Mode"},"sceneLighting":false,"audioPlay":false,"sceneViewState":{"showFog":true,"showMaterialUpdate":false,"showSkybox":true,"showFlares":true,"showImageEffects":true,"showParticleSystems":true},"in2DMode":false,"pivot":{"x":-5.166168212890625,"y":2.378204345703125,"z":29.44896125793457},"rotation":{"x":0.22400565445423127,"y":0.7611116766929627,"z":-0.33578944206237795,"w":0.507729172706604},"size":46.28581237792969,"orthographic":true}