{"cameraMode":{"drawMode":0,"name":"Shaded","section":"Shading Mode"},"sceneLighting":false,"audioPlay":false,"sceneViewState":{"showFog":true,"showMaterialUpdate":false,"showSkybox":false,"showFlares":true,"showImageEffects":true,"showParticleSystems":true},"in2DMode":false,"pivot":{"x":-0.03763122856616974,"y":-0.00862710177898407,"z":-3.7465174198150636},"rotation":{"x":-0.04129534959793091,"y":0.8429276347160339,"z":-0.06537248939275742,"w":-0.5324681997299194},"size":0.3322531580924988,"orthographic":true}