{"cameraMode":{"drawMode":0,"name":"Shaded","section":"Shading Mode"},"sceneLighting":false,"audioPlay":false,"sceneViewState":{"showFog":true,"showMaterialUpdate":false,"showSkybox":true,"showFlares":true,"showImageEffects":true,"showParticleSystems":true},"in2DMode":false,"pivot":{"x":7.13270378112793,"y":-10.5673828125,"z":23.76604461669922},"rotation":{"x":-0.1452324539422989,"y":0.7208149433135986,"z":-0.15881596505641938,"w":-0.6589249968528748},"size":52.80021667480469,"orthographic":true}