{"cameraMode":{"drawMode":0,"name":"Shaded","section":"Shading Mode"},"sceneLighting":false,"audioPlay":false,"sceneViewState":{"showFog":true,"showMaterialUpdate":false,"showSkybox":true,"showFlares":true,"showImageEffects":true,"showParticleSystems":true},"in2DMode":false,"pivot":{"x":-2.472642183303833,"y":-6.300474643707275,"z":36.16063690185547},"rotation":{"x":0.024659184738993646,"y":-0.6021093726158142,"z":0.018609613180160524,"w":0.7978165745735169},"size":2.0716748237609865,"orthographic":true}