{"cameraMode":{"drawMode":0,"name":"Shaded","section":"Shading Mode"},"sceneLighting":false,"audioPlay":false,"sceneViewState":{"showFog":true,"showMaterialUpdate":false,"showSkybox":true,"showFlares":true,"showImageEffects":true,"showParticleSystems":true},"in2DMode":false,"pivot":{"x":-0.07727575302124024,"y":-16.796428680419923,"z":-7.260078430175781},"rotation":{"x":-0.003273514797911048,"y":-0.9961943626403809,"z":0.07575424760580063,"w":-0.0430661216378212},"size":26.988964080810548,"orthographic":true}