{"cameraMode":{"drawMode":0,"name":"Shaded","section":"Shading Mode"},"sceneLighting":false,"audioPlay":false,"sceneViewState":{"showFog":true,"showMaterialUpdate":false,"showSkybox":true,"showFlares":true,"showImageEffects":true,"showParticleSystems":true},"in2DMode":false,"pivot":{"x":1.178563117980957,"y":-5.717648506164551,"z":72.74076843261719},"rotation":{"x":-0.05640222504734993,"y":0.9387951493263245,"z":-0.2842426896095276,"w":-0.18628625571727754},"size":20.02741050720215,"orthographic":true}