{"cameraMode":{"drawMode":0,"name":"Shaded","section":"Shading Mode"},"sceneLighting":false,"audioPlay":false,"sceneViewState":{"showFog":true,"showMaterialUpdate":false,"showSkybox":true,"showFlares":true,"showImageEffects":true,"showParticleSystems":true},"in2DMode":false,"pivot":{"x":-19.902374267578126,"y":7.272420883178711,"z":2.3324880599975588},"rotation":{"x":0.22050808370113374,"y":0.5738641023635864,"z":-0.1640167236328125,"w":0.7714789509773254},"size":0.7371634244918823,"orthographic":true}