{"cameraMode":{"drawMode":0,"name":"Shaded","section":"Shading Mode"},"sceneLighting":false,"audioPlay":false,"sceneViewState":{"showFog":true,"showMaterialUpdate":false,"showSkybox":true,"showFlares":true,"showImageEffects":true,"showParticleSystems":true},"in2DMode":false,"pivot":{"x":5.741996765136719,"y":-14.278165817260743,"z":33.20452117919922},"rotation":{"x":-0.0007076684269122779,"y":0.6576986908912659,"z":-0.0005546074826270342,"w":-0.7533311247825623},"size":9.712376594543457,"orthographic":true}