{"cameraMode":{"drawMode":0,"name":"Shaded","section":"Shading Mode"},"sceneLighting":false,"audioPlay":false,"sceneViewState":{"showFog":true,"showMaterialUpdate":false,"showSkybox":true,"showFlares":true,"showImageEffects":true,"showParticleSystems":true},"in2DMode":false,"pivot":{"x":-13.091390609741211,"y":-15.052839279174805,"z":17.10771942138672},"rotation":{"x":0.576797366142273,"y":0.11422181129455567,"z":-0.08187180012464524,"w":0.8047080636024475},"size":8.587849617004395,"orthographic":true}