{"cameraMode":{"drawMode":0,"name":"Shaded","section":"Shading Mode"},"sceneLighting":false,"audioPlay":false,"sceneViewState":{"showFog":true,"showMaterialUpdate":false,"showSkybox":true,"showFlares":true,"showImageEffects":true,"showParticleSystems":true},"in2DMode":false,"pivot":{"x":-3.7990779876708986,"y":-10.545276641845704,"z":-0.39006519317626955},"rotation":{"x":-0.17168274521827699,"y":0.7258755564689636,"z":-0.19574405252933503,"w":-0.636663019657135},"size":15.683246612548829,"orthographic":true}