{"cameraMode":{"drawMode":0,"name":"Shaded","section":"Shading Mode"},"sceneLighting":false,"audioPlay":false,"sceneViewState":{"showFog":true,"showMaterialUpdate":false,"showSkybox":false,"showFlares":true,"showImageEffects":true,"showParticleSystems":true},"in2DMode":false,"pivot":{"x":-0.01143646240234375,"y":0.06930029392242432,"z":-3.586130380630493},"rotation":{"x":0.16530293226242066,"y":-0.7990975379943848,"z":0.2545790374279022,"w":0.5189754366874695},"size":0.2988024055957794,"orthographic":true}