{"cameraMode":{"drawMode":0,"name":"Shaded","section":"Shading Mode"},"sceneLighting":false,"audioPlay":false,"sceneViewState":{"showFog":true,"showMaterialUpdate":false,"showSkybox":true,"showFlares":true,"showImageEffects":true,"showParticleSystems":true},"in2DMode":false,"pivot":{"x":-1.3692302703857422,"y":2.5407772064208986,"z":16.733680725097658},"rotation":{"x":-0.4273798167705536,"y":0.559634268283844,"z":-0.415278822183609,"w":-0.5759403705596924},"size":24.120338439941408,"orthographic":true}